{
   "condition":"entity_scores",
   "entity":"this",
   "scores":{
      "forwardPos":{
         "min":{
            "type":"score",
            "score":"forwardPos",
            "target":{
               "type":"fixed",
               "name":"#Here"
            }
         }
      },
      "sidewaysPos":{
         "min":{
            "type":"score",
            "score":"sidewaysPos",
            "target":{
               "type":"fixed",
               "name":"#Here"
            }
         },
         "max":{
            "type":"score",
            "score":"sidewaysPos",
            "target":{
               "type":"fixed",
               "name":"#Here"
            }
         }
      }
   }
}