{
   "condition":"alternative",
   "terms":[
      {
         "condition":"entity_properties",
         "entity":"this",
         "predicate":{
            "nbt":"{data:{TextType:'noun'}}"
         }
      },
      {
         "condition":"entity_properties",
         "entity":"this",
         "predicate":{
            "nbt":"{data:{TextType:'basic_quality'}}"
         }
      },
      {
         "condition":"entity_properties",
         "entity":"this",
         "predicate":{
            "nbt":"{data:{TextType:'direction'}}"
         }
      }
   ]
}