{
   "condition":"alternative",
   "terms":[
      {
         "condition":"entity_properties",
         "entity":"this",
         "predicate":{
            "nbt":"{Tags:['illud_noun']}"
         }
      },
      {
         "condition":"entity_properties",
         "entity":"this",
         "predicate":{
            "nbt":"{Tags:['illud_basic_quality']}"
         }
      },
      {
         "condition":"entity_properties",
         "entity":"this",
         "predicate":{
            "nbt":"{Tags:['illud_direction']}"
         }
      }
   ]
}