{
   "condition":"alternative",
   "terms":[
      {
         "condition":"entity_properties",
         "entity":"this",
         "predicate":{
            "nbt":"{Tags:['subjectPart']}"
         }
      },
      {
         "condition":"entity_scores",
         "entity":"this",
         "scores":{
            "diffWordCount":1
         }
      },
      {
         "condition":"entity_properties",
         "entity":"this",
         "predicate":{
            "nbt":"{Tags:['negated']}"
         }
      }
   ]
}