{
   "condition":"alternative",
   "terms":[
      {
         "condition":"entity_properties",
         "entity":"this",
         "predicate":{
            "nbt":"{Tags:['noun']}"
         }
      },
      {
         "condition":"entity_properties",
         "entity":"this",
         "predicate":{
            "nbt":"{Tags:['basic_quality']}"
         }
      },
      {
         "condition":"entity_properties",
         "entity":"this",
         "predicate":{
            "nbt":"{Tags:['direction']}"
         }
      }
   ]
}